customerId,customerName,isActive
AA-10315,Alex Avila,True
AA-10375,Allen Armold,True
AA-10480,Andrew Allen,True
AA-10645,Anna Andreadi,True
AB-10015,Aaron Bergman,True
AB-10060,Adam Bellavance,True
AB-10105,Adrian Barton,True
AB-10150,Aimee Bixby,True
AB-10165,Alan Barnes,True
AB-10255,Alejandro Ballentine,True
AB-10600,Ann Blume,True
AC-10420,Alyssa Crouse,True
AC-10450,Amy Cox,True
AC-10615,Ann Chong,True
AC-10660,Anna Chung,True
AD-10180,Alan Dominguez,True
AF-10870,Art Ferguson,True
AF-10885,Art Foster,True
AG-10270,Alejandro Grove,True
AG-10300,Aleksandra Gannaway,True
AG-10330,Alex Grayson,True
AG-10390,Allen Goldenen,True
AG-10495,Andrew Gjertsen,True
AG-10525,Andy Gerbode,True
AG-10675,Anna Gayman,True
AG-10765,Anthony Garverick,True
AG-10900,Arthur Gainer,True
AH-10030,Aaron Hawkins,True
AH-10075,Adam Hart,True
AH-10120,Adrian Hane,True
AH-10195,Alan Haines,True
AH-10210,Alan Hwang,True
AH-10465,Amy Hunt,True
AH-10585,Angele Hood,True
AH-10690,Anna Häberlin,True
AI-10855,Arianne Irving,True
AJ-10780,Anthony Jacobs,True
AJ-10795,Anthony Johnson,True
AJ-10945,Ashley Jarboe,True
AJ-10960,Astrea Jones,True
AM-10360,Alice McCarthy,True
AM-10705,Anne McFarland,True
AO-10810,Anthony O'Donnell,True
AP-10720,Anne Pryor,True
AP-10915,Arthur Prichep,True
AR-10345,Alex Russell,True
AR-10405,Allen Rosenblatt,True
AR-10510,Andrew Roberts,True
AR-10540,Andy Reiter,True
AR-10570,Anemone Ratner,True
AR-10825,Anthony Rawles,True
AS-10045,Aaron Smayling,True
AS-10090,Adam Shillingsburg,True
AS-10135,Adrian Shami,True
AS-10225,Alan Schoenberger,True
AS-10240,Alan Shonely,True
AS-10285,Alejandro Savely,True
AS-10630,Ann Steele,True
AT-10435,Alyssa Tate,True
AT-10735,Annie Thurman,True
AW-10840,Anthony Witt,True
AW-10930,Arthur Wiediger,True
AY-10555,Andy Yotov,True
AZ-10750,Annie Zypern,True
BB-10990,Barry Blumstein,True
BB-11545,Brenda Bowman,True
BC-11125,Becky Castell,True
BD-11320,Bill Donatelli,True
BD-11500,Bradley Drucker,True
BD-11560,Brendan Dodson,True
BD-11605,Brian Dahlen,True
BD-11620,Brian DeCherney,True
BD-11635,Brian Derr,True
BD-11725,Bruce Degenhardt,True
BD-11770,Bryan Davis,True
BE-11335,Bill Eplett,True
BE-11410,Bobby Elias,True
BE-11455,Brad Eason,True
BF-10975,Barbara Fisher,True
BF-11005,Barry Franz,True
BF-11020,Barry Französisch,True
BF-11080,Bart Folk,True
BF-11170,Ben Ferrer,True
BF-11215,Benjamin Farhat,True
BF-11275,Beth Fritzler,True
BG-11035,Barry Gonzalez,True
BG-11695,Brooke Gillingham,True
BG-11740,Bruce Geld,True
BH-11710,Brosina Hoffman,True
BK-11260,Berenike Kampe,True
BM-11140,Becky Martin,True
BM-11575,Brendan Murry,True
BM-11650,Brian Moss,True
BM-11785,Bryan Mills,True
BN-11470,Brad Norvell,True
BN-11515,Bradley Nguyen,True
BO-11350,Bill Overfelt,True
BO-11425,Bobby Odegard,True
BP-11050,Barry Pond,True
BP-11095,Bart Pistole,True
BP-11155,Becky Pak,True
BP-11185,Ben Peterman,True
BP-11230,Benjamin Patterson,True
BP-11290,Beth Paige,True
BS-11365,Bill Shonely,True
BS-11380,Bill Stewart,True
BS-11590,Brendan Sweed,True
BS-11665,Brian Stugart,True
BS-11755,Bruce Stewart,True
BS-11800,Bryan Spruell,True
BT-11305,Beth Thompson,True
BT-11395,Bill Tyler,True
BT-11440,Bobby Trafton,True
BT-11485,Brad Thomas,True
BT-11530,Bradley Talbott,True
BT-11680,Brian Thompson,True
BV-11245,Benjamin Venier,True
BW-11065,Barry Weirich,True
BW-11110,Bart Watters,True
BW-11200,Ben Wallace,True
CA-11965,Carol Adams,True
CA-12055,Cathy Armstrong,True
CA-12265,Christina Anderson,True
CA-12310,Christine Abelman,True
CA-12775,Cynthia Arntzen,True
CB-12025,Cassandra Brandow,True
CB-12415,Christy Brittain,True
CB-12535,Claudia Bergmann,True
CC-12100,Chad Cunningham,True
CC-12145,Charles Crestani,True
CC-12220,Chris Cortes,True
CC-12370,Christopher Conant,True
CC-12430,Chuck Clark,True
CC-12475,Cindy Chapman,True
CC-12550,Clay Cheatham,True
CC-12610,Corey Catlett,True
CC-12670,Craig Carreira,True
CC-12685,Craig Carroll,True
CD-11920,Carlos Daly,True
CD-11980,Carol Darley,True
CD-12280,Christina DeMoss,True
CD-12790,Cynthia Delaney,True
CG-12040,Catherine Glotzbach,True
CG-12520,Claire Gute,True
CH-12070,Cathy Hwang,True
CJ-11875,Carl Jackson,True
CJ-12010,Caroline Jumper,True
CK-12205,Chloris Kastensmidt,True
CK-12325,Christine Kargatis,True
CK-12595,Clytie Kelty,True
CK-12760,Cyma Kinney,True
CL-11890,Carl Ludwig,True
CL-12565,Clay Ludtke,True
CL-12700,Craig Leslie,True
CM-11815,Candace McMahon,True
CM-11935,Carlos Meador,True
CM-12115,Chad McGuire,True
CM-12160,Charles McCrossin,True
CM-12190,Charlotte Melton,True
CM-12235,Chris McAfee,True
CM-12385,Christopher Martinez,True
CM-12445,Chuck Magee,True
CM-12655,Corinna Mitchell,True
CM-12715,Craig Molinari,True
CP-12085,Cathy Prescott,True
CP-12340,Christine Phan,True
CR-12580,Clay Rozendal,True
CR-12625,Corey Roper,True
CR-12730,Craig Reiter,True
CR-12820,Cyra Reiten,True
CS-11845,Cari Sayre,True
CS-11860,Cari Schnelling,True
CS-11950,Carlos Soltero,True
CS-12130,Chad Sievert,True
CS-12175,Charles Sheldon,True
CS-12250,Chris Selesnick,True
CS-12355,Christine Sundaresam,True
CS-12400,Christopher Schild,True
CS-12460,Chuck Sachs,True
CS-12490,Cindy Schnelling,True
CS-12505,Cindy Stewart,True
CT-11995,Carol Triggs,True
CV-12295,Christina VanderZanden,True
CV-12805,Cynthia Voltz,True
CW-11905,Carl Weiss,True
CY-12745,Craig Yedwab,True
Co-12640,Corey-Lock,True
DA-13450,Dianna Arnett,True
DB-12910,Daniel Byrd,True
DB-12970,Darren Budd,True
DB-13060,Dave Brooks,True
DB-13120,David Bremer,True
DB-13210,Dean Braden,True
DB-13270,Deborah Brumfield,True
DB-13360,Dennis Bolton,True
DB-13405,Denny Blanton,True
DB-13555,Dorothy Badders,True
DB-13615,Doug Bickford,True
DB-13660,Duane Benoit,True
DC-12850,Dan Campbell,True
DC-13285,Debra Catini,True
DD-13570,Dorothy Dickinson,True
DE-13255,Deanra Eno,True
DF-13135,David Flashing,True
DG-13300,Deirdre Greer,True
DH-13075,Dave Hallsten,True
DH-13675,Duane Huffman,True
DJ-13420,Denny Joy,True
DJ-13510,Don Jones,True
DJ-13630,Doug Jacobs,True
DK-12835,Damala Kotsonis,True
DK-12895,Dana Kaydos,True
DK-12985,Darren Koutras,True
DK-13090,Dave Kipp,True
DK-13150,David Kendrick,True
DK-13225,Dean Katz,True
DK-13375,Dennis Kane,True
DL-12865,Dan Lawera,True
DL-12925,Daniel Lacy,True
DL-13315,Delfina Latchford,True
DL-13330,Denise Leinenbach,True
DL-13495,Dionis Lloyd,True
DM-12955,Dario Medina,True
DM-13015,Darrin Martin,True
DM-13345,Denise Monton,True
DM-13525,Don Miller,True
DN-13690,Duane Noonan,True
DO-13435,Denny Ordway,True
DO-13645,Doug O'Connell,True
DP-13000,Darren Powers,True
DP-13105,Dave Poirier,True
DP-13165,David Philippe,True
DP-13390,Dennis Pardue,True
DR-12880,Dan Reichenbach,True
DR-12940,Daniel Raglin,True
DS-13030,Darrin Sayre,True
DS-13180,David Smith,True
DV-13045,Darrin Van Huff,True
DV-13465,Dianna Vittorini,True
DW-13195,David Wiener,True
DW-13480,Dianna Wilson,True
DW-13540,Don Weiss,True
DW-13585,Dorothy Wardle,True
Dl-13600,Dorris liebe,True
Dp-13240,Dean percer,True
EA-14035,Erin Ashbrook,True
EB-13705,Ed Braxton,True
EB-13750,Edward Becker,True
EB-13840,Ellis Ballard,True
EB-13870,Emily Burns,True
EB-13930,Eric Barreto,True
EB-13975,Erica Bern,True
EB-14110,Eugene Barchas,True
EB-14170,Evan Bailliet,True
EC-14050,Erin Creighton,True
ED-13885,Emily Ducich,True
EG-13900,Emily Grady,True
EH-13765,Edward Hooks,True
EH-13945,Eric Hoffmann,True
EH-13990,Erica Hackney,True
EH-14005,Erica Hernandez,True
EH-14125,Eugene Hildebrand,True
EH-14185,Evan Henry,True
EJ-13720,Ed Jacobs,True
EJ-14155,Eva Jacobs,True
EK-13795,Eileen Kiefer,True
EL-13735,Ed Ludwig,True
EM-13810,Eleni McCrary,True
EM-13825,Elizabeth Moffitt,True
EM-13960,Eric Murdock,True
EM-14065,Erin Mull,True
EM-14095,Eudokia Martin,True
EM-14140,Eugene Moren,True
EM-14200,Evan Minnotte,True
EN-13780,Edward Nazzal,True
EP-13915,Emily Phan,True
ER-13855,Elpida Rittenbach,True
ES-14020,Erica Smith,True
ES-14080,Erin Smith,True
FA-14230,Frank Atkinson,True
FC-14245,Frank Carlisle,True
FC-14335,Fred Chung,True
FG-14260,Frank Gastineau,True
FH-14275,Frank Hawley,True
FH-14350,Fred Harton,True
FH-14365,Fred Hopkins,True
FM-14215,Filia McAdams,True
FM-14290,Frank Merwin,True
FM-14380,Fred McMath,True
FO-14305,Frank Olsen,True
FP-14320,Frank Preis,True
FW-14395,Fred Wasserman,True
GA-14515,George Ashbrook,True
GA-14725,Guy Armstrong,True
GB-14530,George Bell,True
GB-14575,Giulietta Baptist,True
GD-14590,Giulietta Dortch,True
GG-14650,Greg Guthrie,True
GH-14410,Gary Hansen,True
GH-14425,Gary Hwang,True
GH-14485,Gene Hale,True
GH-14665,Greg Hansen,True
GK-14620,Grace Kelly,True
GM-14440,Gary McGarr,True
GM-14455,Gary Mitchum,True
GM-14500,Gene McClure,True
GM-14680,Greg Matthias,True
GM-14695,Greg Maxwell,True
GP-14740,Guy Phonely,True
GR-14560,Georgia Rosenberg,True
GT-14635,Grant Thornton,True
GT-14710,Greg Tran,True
GT-14755,Guy Thornton,True
GW-14605,Giulietta Weimer,True
GZ-14470,Gary Zandusky,True
GZ-14545,George Zrebassa,True
HA-14905,Helen Abelman,True
HA-14920,Helen Andreada,True
HD-14785,Harold Dahlen,True
HE-14800,Harold Engle,True
HF-14995,Herbert Flentye,True
HG-14845,Harry Greene,True
HG-14965,Henry Goldwyn,True
HG-15025,Hunter Glantz,True
HH-15010,Hilary Holden,True
HJ-14875,Heather Jas,True
HK-14890,Heather Kirkland,True
HL-15040,Hunter Lopez,True
HM-14860,Harry Marie,True
HM-14980,Henry MacAllister,True
HP-14815,Harold Pawlan,True
HR-14770,Hallie Redmond,True
HR-14830,Harold Ryan,True
HW-14935,Helen Wasserman,True
HZ-14950,Henia Zydlo,True
IG-15085,Ivan Gibson,True
IL-15100,Ivan Liston,True
IM-15055,Ionia McGrath,True
IM-15070,Irene Maddox,True
JA-15970,Joseph Airdo,True
JB-15400,Jennifer Braxton,True
JB-15925,Joni Blumstein,True
JB-16000,Joy Bell-,True
JB-16045,Julia Barnett,True
JC-15340,Jasper Cacioppo,True
JC-15385,Jenna Caffey,True
JC-15775,John Castell,True
JC-16105,Julie Creighton,True
JD-15790,John Dryer,True
JD-15895,Jonathan Doherty,True
JD-16015,Joy Daniels,True
JD-16060,Julia Dunbar,True
JD-16150,Justin Deggeller,True
JE-15475,Jeremy Ellison,True
JE-15610,Jim Epp,True
JE-15715,Joe Elijah,True
JE-15745,Joel Eaton,True
JE-16165,Justin Ellison,True
JF-15190,Jamie Frazer,True
JF-15295,Jason Fortune-,True
JF-15355,Jay Fein,True
JF-15415,Jennifer Ferguson,True
JF-15490,Jeremy Farry,True
JF-15565,Jill Fjeld,True
JG-15115,Jack Garza,True
JG-15160,James Galang,True
JG-15310,Jason Gross,True
JG-15805,John Grady,True
JH-15430,Jennifer Halladay,True
JH-15820,John Huston,True
JH-15910,Jonathan Howell,True
JH-15985,Joseph Holt,True
JH-16180,Justin Hirsh,True
JJ-15445,Jennifer Jackson,True
JJ-15760,Joel Jenkins,True
JK-15205,Jamie Kunitz,True
JK-15325,Jason Klamczynski,True
JK-15370,Jay Kimmel,True
JK-15625,Jim Karlsson,True
JK-15640,Jim Kriz,True
JK-15730,Joe Kamberova,True
JK-16090,Juliana Krohn,True
JK-16120,Julie Kriz,True
JL-15130,Jack Lebron,True
JL-15175,James Lanier,True
JL-15235,Janet Lee,True
JL-15505,Jeremy Lonsdale,True
JL-15835,John Lee,True
JL-15850,John Lucas,True
JM-15250,Janet Martin,True
JM-15265,Janet Molinari,True
JM-15535,Jessica Myrick,True
JM-15580,Jill Matthias,True
JM-15655,Jim Mitchum,True
JM-15865,John Murray,True
JM-16195,Justin MacKendrick,True
JO-15145,Jack O'Briant,True
JO-15280,Jas O'Carroll,True
JO-15550,Jesus Ocampo,True
JP-15460,Jennifer Patt,True
JP-15520,Jeremy Pistek,True
JP-16135,Julie Prescott,True
JR-15670,Jim Radford,True
JR-15700,Jocasta Rupert,True
JR-16210,Justin Ritter,True
JS-15595,Jill Stevenson,True
JS-15685,Jim Sink,True
JS-15880,John Stevenson,True
JS-15940,Joni Sundaresam,True
JS-16030,Joy Smith,True
JW-15220,Jane Waco,True
JW-15955,Joni Wasserman,True
JW-16075,Julia West,True
KA-16525,Kelly Andreada,True
KB-16240,Karen Bern,True
KB-16315,Karl Braun,True
KB-16405,Katrina Bavinger,True
KB-16585,Ken Black,True
KB-16600,Ken Brennan,True
KC-16255,Karen Carlisle,True
KC-16540,Kelly Collister,True
KC-16675,Kimberly Carter,True
KD-16270,Karen Daniels,True
KD-16345,Katherine Ducich,True
KD-16495,Keith Dawkins,True
KD-16615,Ken Dana,True
KE-16420,Katrina Edelman,True
KF-16285,Karen Ferguson,True
KH-16330,Katharine Harms,True
KH-16360,Katherine Hughes,True
KH-16510,Keith Herrera,True
KH-16630,Ken Heidel,True
KH-16690,Kristen Hastings,True
KL-16555,Kelly Lampkin,True
KL-16645,Ken Lonsdale,True
KM-16225,Kalyca Meade,True
KM-16375,Katherine Murray,True
KM-16660,Khloe Miller,True
KM-16720,Kunst Miller,True
KN-16390,Katherine Nockton,True
KN-16450,Kean Nguyen,True
KN-16705,Kristina Nunn,True
KS-16300,Karen Seio,True
KT-16465,Kean Takahito,True
KT-16480,Kean Thornton,True
KW-16435,Katrina Willman,True
KW-16570,Kelly Williams,True
LA-16780,Laura Armstrong,True
LB-16735,Larry Blacks,True
LB-16795,Laurel Beltran,True
LC-16870,Lena Cacioppo,True
LC-16885,Lena Creighton,True
LC-16930,Linda Cazamias,True
LC-16960,Lindsay Castell,True
LC-17050,Liz Carlisle,True
LC-17140,Logan Currie,True
LD-16855,Lela Donovan,True
LD-17005,Lisa DeCherney,True
LE-16810,Laurel Elliston,True
LF-17185,Luke Foster,True
LH-16750,Larry Hughes,True
LH-16900,Lena Hernandez,True
LH-17020,Lisa Hazard,True
LH-17155,Logan Haushalter,True
LL-16840,Lauren Leatherbury,True
LM-17065,Liz MacKendrick,True
LO-17170,Lori Olson,True
LP-17080,Liz Pelletier,True
LP-17095,Liz Preis,True
LR-16915,Lena Radford,True
LR-17035,Lisa Ryan,True
LS-16945,Linda Southworth,True
LS-16975,Lindsay Shagiari,True
LS-17200,Luke Schmidt,True
LS-17230,Lycoris Saunders,True
LS-17245,Lynn Smith,True
LT-16765,Larry Tron,True
LT-17110,Liz Thompson,True
LW-16825,Laurel Workman,True
LW-16990,Lindsay Williams,True
LW-17125,Liz Willingham,True
LW-17215,Luke Weiss,True
MA-17560,Matt Abelman,True
MA-17995,Michelle Arnett,True
MB-17305,Maria Bertelson,True
MB-18085,Mick Brown,True
MC-17275,Marc Crier,True
MC-17425,Mark Cousins,True
MC-17575,Matt Collins,True
MC-17590,Matt Collister,True
MC-17605,Matt Connell,True
MC-17635,Matthew Clasen,True
MC-17845,Michael Chen,True
MC-18100,Mick Crebagga,True
MC-18130,Mike Caudle,True
MD-17350,Maribeth Dona,True
MD-17860,Michael Dominguez,True
ME-17320,Maria Etezadi,True
ME-17725,Max Engle,True
ME-18010,Michelle Ellison,True
MF-17665,Maureen Fritzler,True
MF-18250,Monica Federle,True
MG-17650,Matthew Grinstein,True
MG-17680,Maureen Gastineau,True
MG-17695,Maureen Gnade,True
MG-17875,Michael Grace,True
MG-17890,Michael Granlund,True
MG-18145,Mike Gockenbach,True
MG-18205,Mitch Gastineau,True
MH-17290,Marc Harrigan,True
MH-17440,Mark Haberlin,True
MH-17455,Mark Hamilton,True
MH-17620,Matt Hagelstein,True
MH-17785,Maya Herman,True
MH-18025,Michelle Huthwaite,True
MH-18115,Mick Hernandez,True
MJ-17740,Max Jones,True
MK-17905,Michael Kennedy,True
MK-18160,Mike Kennedy,True
ML-17395,Marina Lichtenstein,True
ML-17410,Maris LaWare,True
ML-17755,Max Ludwig,True
ML-18040,Michelle Lonsdale,True
ML-18265,Muhammed Lee,True
MM-17260,Magdelene Morse,True
MM-17920,Michael Moore,True
MM-18055,Michelle Moray,True
MM-18280,Muhammed MacIntyre,True
MN-17935,Michael Nguyen,True
MO-17500,Mary O'Rourke,True
MO-17800,Meg O'Connel,True
MO-17950,Michael Oakman,True
MP-17470,Mark Packer,True
MP-17965,Michael Paige,True
MP-18175,Mike Pelletier,True
MR-17545,Mathew Reese,True
MS-17365,Maribeth Schnelling,True
MS-17530,MaryBeth Skach,True
MS-17710,Maurice Satty,True
MS-17770,Maxwell Schwartz,True
MS-17830,Melanie Seite,True
MS-17980,Michael Stewart,True
MT-17815,Meg Tillman,True
MT-18070,Michelle Tran,True
MV-17485,Mark Van Huff,True
MV-18190,Mike Vittorini,True
MW-18220,Mitch Webber,True
MW-18235,Mitch Willingham,True
MY-17380,Maribeth Yedwab,True
MY-18295,Muhammed Yedwab,True
MZ-17335,Maria Zettner,True
MZ-17515,Mary Zewe,True
NB-18580,Nicole Brennan,True
NB-18655,Nona Balk,True
NC-18340,Nat Carroll,True
NC-18415,Nathan Cano,True
NC-18535,Nick Crebassa,True
NC-18625,Noah Childs,True
ND-18370,Natalie DeCherney,True
ND-18460,Neil Ducich,True
NF-18385,Natalie Fritzler,True
NF-18475,Neil Französisch,True
NF-18595,Nicole Fjeld,True
NG-18355,Nat Gilpin,True
NG-18430,Nathan Gelder,True
NH-18610,Nicole Hansen,True
NK-18490,Neil Knudson,True
NL-18310,Nancy Lomonaco,True
NM-18445,Nathan Mautz,True
NM-18520,Neoma Murray,True
NP-18325,Naresj Patel,True
NP-18670,Nora Paige,True
NP-18685,Nora Pelletier,True
NP-18700,Nora Preis,True
NR-18550,Nick Radford,True
NS-18505,Neola Schneider,True
NS-18640,Noel Staavos,True
NW-18400,Natalie Webber,True
NZ-18565,Nick Zandusky,True
ON-18715,Odella Nelson,True
OT-18730,Olvera Toch,True
PA-19060,Pete Armstrong,True
PB-18805,Patrick Bzostek,True
PB-19105,Peter Bühler,True
PB-19150,Philip Brown,True
PB-19210,Phillip Breyer,True
PC-18745,Pamela Coakley,True
PC-19000,Pauline Chand,True
PF-19120,Peter Fuller,True
PF-19165,Philip Fox,True
PF-19225,Phillip Flathmann,True
PG-18820,Patrick Gardner,True
PG-18895,Paul Gonzalez,True
PH-18790,Patricia Hirasaki,True
PJ-18835,Patrick Jones,True
PJ-19015,Pauline Johnson,True
PK-18910,Paul Knutson,True
PK-19075,Pete Kriz,True
PL-18925,Paul Lucas,True
PM-18940,Paul MacIntyre,True
PM-19135,Peter McVee,True
PN-18775,Parhena Norris,True
PO-18850,Patrick O'Brill,True
PO-18865,Patrick O'Donnell,True
PO-19180,Philisse Overcash,True
PO-19195,Phillina Ober,True
PP-18955,Paul Prost,True
PR-18880,Patrick Ryan,True
PS-18760,Pamela Stobb,True
PS-18970,Paul Stevenson,True
PS-19045,Penelope Sewall,True
PT-19090,Pete Takahito,True
PV-18985,Paul Van Hugh,True
PW-19030,Pauline Webber,True
PW-19240,Pierre Wener,True
QJ-19255,Quincy Jones,True
RA-19285,Ralph Arnett,True
RA-19885,Ruben Ausman,True
RA-19915,Russell Applegate,True
RA-19945,Ryan Akin,True
RB-19330,Randy Bradley,True
RB-19360,Raymond Buch,True
RB-19435,Richard Bierner,True
RB-19465,Rick Bensley,True
RB-19570,Rob Beeghly,True
RB-19645,Robert Barroso,True
RB-19705,Roger Barcio,True
RB-19795,Ross Baird,True
RC-19825,Roy Collins,True
RC-19960,Ryan Crowe,True
RD-19480,Rick Duston,True
RD-19585,Rob Dowd,True
RD-19660,Robert Dilbeck,True
RD-19720,Roger Demir,True
RD-19810,Ross DeVincentis,True
RD-19900,Ruben Dartt,True
RD-19930,Russell D'Ascenzo,True
RE-19405,Ricardo Emerson,True
RE-19450,Richard Eichhorn,True
RF-19345,Randy Ferguson,True
RF-19735,Roland Fjeld,True
RF-19840,Roy Französisch,True
RH-19495,Rick Hansen,True
RH-19510,Rick Huthwaite,True
RH-19555,Ritsa Hightower,True
RH-19600,Rob Haberlin,True
RK-19300,Ralph Kennedy,True
RL-19615,Rob Lucas,True
RM-19375,Raymond Messe,True
RM-19675,Robert Marley,True
RM-19750,Roland Murray,True
RO-19780,Rose O'Brian,True
RP-19270,Rachel Payne,True
RP-19390,Resi Pölking,True
RP-19855,Roy Phan,True
RR-19315,Ralph Ritter,True
RR-19525,Rick Reed,True
RS-19420,Ricardo Sperren,True
RS-19765,Roland Schwarz,True
RS-19870,Roy Skaria,True
RW-19540,Rick Wilson,True
RW-19630,Rob Williams,True
RW-19690,Robert Waldorf,True
SA-20830,Sue Ann Reed,True
SB-20170,Sarah Bern,True
SB-20185,Sarah Brown,True
SB-20290,Sean Braxton,True
SC-20020,Sam Craven,True
SC-20050,Sample Company A,True
SC-20095,Sanjit Chand,True
SC-20230,Scot Coram,True
SC-20260,Scott Cohen,True
SC-20305,Sean Christensen,True
SC-20380,Shahid Collister,True
SC-20440,Shaun Chance,True
SC-20575,Sonia Cooley,True
SC-20680,Steve Carroll,True
SC-20695,Steve Chapman,True
SC-20725,Steven Cartwright,True
SC-20770,Stewart Carmichael,True
SC-20800,Stuart Calhoun,True
SC-20845,Sung Chung,True
SD-20485,Shirley Daniels,True
SE-20110,Sanjit Engle,True
SF-20065,Sandra Flanagan,True
SF-20200,Sarah Foster,True
SF-20965,Sylvia Foulston,True
SG-20080,Sandra Glassco,True
SG-20470,Sheri Gordon,True
SG-20605,Speros Goranitis,True
SG-20890,Susan Gilcrest,True
SH-19975,Sally Hughsby,True
SH-20395,Shahid Hopkins,True
SH-20635,Stefanie Holloman,True
SJ-20125,Sanjit Jacobs,True
SJ-20215,Sarah Jordon,True
SJ-20500,Shirley Jackson,True
SK-19990,Sally Knutson,True
SL-20155,Sara Luxemburg,True
SM-20005,Sally Matthias,True
SM-20320,Sean Miller,True
SM-20905,Susan MacKendrick,True
SM-20950,Suzanne McNair,True
SN-20560,Skye Norling,True
SN-20710,Steve Nguyen,True
SO-20335,Sean O'Donnell,True
SP-20545,Sibella Parks,True
SP-20620,Stefania Perrino,True
SP-20650,Stephanie Phelps,True
SP-20860,Sung Pak,True
SP-20920,Susan Pistek,True
SR-20425,Sharelle Roach,True
SR-20740,Steven Roelle,True
SS-20140,Saphhira Shifley,True
SS-20410,Shahid Shariari,True
SS-20515,Shirley Schmidt,True
SS-20590,Sonia Sunley,True
SS-20875,Sung Shariari,True
ST-20530,Shui Tom,True
SU-20665,Stephanie Ulpright,True
SV-20365,Seth Vernon,True
SV-20785,Stewart Visinsky,True
SV-20815,Stuart Van,True
SV-20935,Susan Vittorini,True
SW-20245,Scot Wooten,True
SW-20275,Scott Williamson,True
SW-20350,Sean Wendt,True
SW-20455,Shaun Weien,True
SW-20755,Steven Ward,True
SZ-20035,Sam Zeldin,True
TA-21385,Tom Ashbrook,True
TB-21055,Ted Butterfield,True
TB-21175,Thomas Boland,True
TB-21190,Thomas Brumley,True
TB-21250,Tim Brockman,True
TB-21280,Toby Braunhardt,True
TB-21355,Todd Boyes,True
TB-21400,Tom Boeckenhauer,True
TB-21520,Tracy Blumstein,True
TB-21595,Troy Blackwell,True
TB-21625,Trudy Brown,True
TC-20980,Tamara Chand,True
TC-21145,Theresa Coyne,True
TC-21295,Toby Carlisle,True
TC-21475,Tony Chapman,True
TC-21535,Tracy Collins,True
TD-20995,Tamara Dahlen,True
TG-21310,Toby Gnade,True
TG-21640,Trudy Glocke,True
TH-21100,Thea Hendricks,True
TH-21115,Thea Hudgings,True
TH-21235,Tiffany House,True
TH-21550,Tracy Hopkins,True
TM-21010,Tamara Manning,True
TM-21490,Tony Molinari,True
TN-21040,Tanja Norvell,True
TP-21130,Theone Pippenger,True
TP-21415,Tom Prescott,True
TP-21565,Tracy Poddar,True
TR-21325,Toby Ritter,True
TS-21085,Thais Sissman,True
TS-21160,Theresa Swint,True
TS-21205,Thomas Seio,True
TS-21340,Toby Swindell,True
TS-21370,Todd Sumrall,True
TS-21430,Tom Stivers,True
TS-21505,Tony Sayre,True
TS-21610,Troy Staebel,True
TS-21655,Trudy Schmidt,True
TT-21070,Ted Trevino,True
TT-21220,Thomas Thornton,True
TT-21265,Tim Taslimi,True
TT-21460,Tonja Turnell,True
TW-21025,Tamara Willingham,True
TZ-21580,Tracy Zic,True
VB-21745,Victoria Brennan,True
VD-21670,Valerie Dominguez,True
VF-21715,Vicky Freymann,True
VG-21790,Vivek Gonzalez,True
VG-21805,Vivek Grady,True
VM-21685,Valerie Mitchum,True
VM-21835,Vivian Mathis,True
VP-21730,Victor Preis,True
VP-21760,Victoria Pisteka,True
VS-21820,Vivek Sundaresam,True
VT-21700,Valerie Takahito,True
VW-21775,Victoria Wilson,True
WB-21850,William Brown,True
XP-21865,Xylona Preis,True
YC-21895,Yoseph Carroll,True
YS-21880,Yana Sorensen,True
ZC-21910,Zuschuss Carroll,True
ZD-21925,Zuschuss Donatelli,True
